DURAK_ADI,display_name
BAHÇEŞEHİR MİGROS TAKSİ DURAAĞI,"Bahçeşehir 2. Kısım Mahallesi, Başakşehir, İstanbul, Marmara Bölgesi, 34488, Türkiye"
ÇİÇEK TAKSİ,"Zafer Mahallesi, İstanbul, Marmara Bölgesi, 34513, Türkiye"
AVCILAR 3 TAKSİ DURAĞI,"Cihangir Mahallesi, Avcılar, İstanbul, Marmara Bölgesi, 34310, Türkiye"
AVCILAR(6) ISPARTAKULE TAKSI,"Tahtakale Mahallesi, Avcılar, İstanbul, Marmara Bölgesi, Türkiye"
AVCILAR 1 TAKSİ DURAĞI,"Merkez Mahallesi, Avcılar, İstanbul, Marmara Bölgesi, Türkiye"
KÜÇÜKÇEKMECE MEYDAN YONCA TAKSİ DURAĞI,"Fatih Mahallesi, Küçükçekmece, İstanbul, Marmara Bölgesi, Türkiye"
BASINKÖY TAKSİ DURAĞI,"Şenlik Mahallesi, Bakırköy, İstanbul, Marmara Bölgesi, 34153, Türkiye"
OLYMPİA TAKSİ DURAĞI,"Atakent Mahallesi, İstanbul, Marmara Bölgesi, 34307, Türkiye"
FLORYA TURİZM TAKSİ,"Şenlik Mahallesi, Bakırköy, İstanbul, Marmara Bölgesi, 34153, Türkiye"
METRO (FİKRET KARABAĞ) TAKSİ DURAĞI,"Şenlik Mahallesi, Bakırköy, İstanbul, Marmara Bölgesi, 34153, Türkiye"
ATAKENT 2.3 ETAP TAKSI,"Atakent Mahallesi, İstanbul, Marmara Bölgesi, 34307, Türkiye"
KONUT TAKSİ,"Atatürk Mahallesi, Küçükçekmece, İstanbul, Marmara Bölgesi, 364303, Türkiye"
FLORYA FLYİNN TAKSİ DURAĞI,"Şenlik Mahallesi, Bakırköy, İstanbul, Marmara Bölgesi, 34153, Türkiye"
İSPARK - PENDİK İDO İSKELE ÖNÜ,"Batı Mahallesi, Pendik, İstanbul, Marmara Bölgesi, 34890, Türkiye"
HİLAL TAKSİ DURAĞI,"Bahçelievler Mahallesi, Pendik, İstanbul, Marmara Bölgesi, 34893, Türkiye"
YENİDOĞAN MERKEZ TAKSİ DURAĞI,"Merve Mahallesi, İstanbul, Marmara Bölgesi, Türkiye"
HASANPAŞA TAKSİ DURAĞI,"Hasanpaşa Mahallesi, İstanbul, Marmara Bölgesi, Türkiye"
SSK TAKSİ DURAĞI,"Kaynarca Mahallesi, Pendik, İstanbul, Marmara Bölgesi, 34890, Türkiye"
EYÜP TAŞOCAĞI TAKSİ,"Merkez Mahallesi, Eyüpsultan, İstanbul, Marmara Bölgesi, 0000, Türkiye"
SÜTLÜCE KÜLTÜR TAKSI-1,"Sütlüce Mahallesi, İstanbul, Marmara Bölgesi, Türkiye"
İSPARK - KAĞITHANE ALİBEYKÖY SİLAHTARAĞA BİLGİ ÜNİVERSİTESİ YANI,"Emniyettepe Mahallesi, Eyüpsultan, İstanbul, Marmara Bölgesi, Türkiye"
İSKENDERPAŞA TAKSİ,"İskenderpaşa Mahallesi, Fatih, İstanbul, Marmara Bölgesi, 34120, Türkiye"
İSPARK HORHOR - FATİH,"İskenderpaşa Mahallesi, Fatih, İstanbul, Marmara Bölgesi, 34120, Türkiye"
İSPARK YENİ KAPI İDO TAKSİ DURAĞI,"Katip Kasım Mahallesi, Fatih, İstanbul, Marmara Bölgesi, Türkiye"
İSPARK YENİKAPI İDO,"Katip Kasım Mahallesi, Fatih, İstanbul, Marmara Bölgesi, Türkiye"
İSPARK - FATİH BEYAZIT MEYDANI,"Balabanağa Mahallesi, Fatih, İstanbul, Marmara Bölgesi, Türkiye"
OKMEYDANI MERKEZ TAKSİ DURAĞI,"Halil Rıfat Paşa Mahallesi, Şişli, İstanbul, Marmara Bölgesi, Türkiye"
KAĞITHANE TERASEVLER TAKSİ DURAĞI,"Talatpaşa Mahallesi, Kağıthane, İstanbul, Marmara Bölgesi, 34398, Türkiye"
İSPARK EMİNÖNÜ İETT DURAKLARI,"Rüstempaşa Mahallesi, Fatih, İstanbul, Marmara Bölgesi, Türkiye"
KAĞITHANE MERKEZ TAKSİ DURAĞI,"Merkez Mahallesi, Kağıthane, İstanbul, Marmara Bölgesi, 34406, Türkiye"
SULTANAHMET İMRAN ÖKTEM SOKAK UMUMA AÇIK TAKSİ DURAĞI,"Binbirdirek Mahallesi, Fatih, İstanbul, Marmara Bölgesi, 34122, Türkiye"
ANTHILL Y.E. TAKSİ DURAĞI (GÜL ESKİ ADI),"Halide Edip Adıvar Mahallesi, Şişli, İstanbul, Marmara Bölgesi, Türkiye"
REŞADİYE CADDESİ EMİNÖNÜ İDO İSKELESİ ÖNÜ UATD,"Hobyar Mahallesi, Fatih, İstanbul, Marmara Bölgesi, 34112, Türkiye"
GÜRSEL MERKEZ TAKSİ,"Gürsel Mahallesi, Kağıthane, İstanbul, Marmara Bölgesi, Türkiye"
BABIALİ TAKSİ,"Alemdar Mahallesi, Fatih, İstanbul, Marmara Bölgesi, Türkiye"
EMİNÖNÜ SAHİL TAKSİ DURAĞI,"Hocapaşa Mahallesi, Fatih, İstanbul, Marmara Bölgesi, Türkiye"
İSPARK - FATİH TCDD SİRKECİ GAR ÖNÜ,"Hocapaşa Mahallesi, Fatih, İstanbul, Marmara Bölgesi, Türkiye"
İSPARK SULTANAHMET DALBASTI SOKAK UMUMA AÇIK TAKSİ DURAĞI,"Cankurtaran Mahallesi, Fatih, İstanbul, Marmara Bölgesi, Türkiye"
BEYOĞLU ATIF YILMAZ CAD.,"Şehit Muhtar Mahallesi, İstanbul, Marmara Bölgesi, Türkiye"
SULTANAHMET İSHAKPAŞA CADDESİ UATD TALEBİ,"Cankurtaran Mahallesi, Fatih, İstanbul, Marmara Bölgesi, Türkiye"
TÜRKİYE HASTANESİ TAKSİ DURAĞI,"Merkez Mahallesi, Şişli, İstanbul, Marmara Bölgesi, 34381, Türkiye"
YEREBATAN TAKSİ,"Cankurtaran Mahallesi, Fatih, İstanbul, Marmara Bölgesi, Türkiye"
GALATAPORT TAKSİ DURAĞI,"Kemankeş Karamustafa Paşa Mahallesi, İstanbul, Marmara Bölgesi, Türkiye"
S.S.BÜYÜKŞEHİR TAKSİ DURAĞI,"Büyükşehir Mahallesi, Beylikdüzü, İstanbul, Marmara Bölgesi, 34520, Türkiye"
METROPOL TAKSİ,"Mehmet Nesih Özmen Mahallesi, Güngören, İstanbul, Marmara Bölgesi, 34173, Türkiye"
İSPARK BARBAROS CAD TAKSİ,"Paşabahçe Mahallesi, İstanbul, Marmara Bölgesi, Türkiye"
VADİ TAKSİ,"Başak Mahallesi, Başakşehir, İstanbul, Marmara Bölgesi, 34480, Türkiye"
OLİVİUM OUTLET CENTER TAKSİ,"Beştelsiz Mahallesi, Zeytinburnu, İstanbul, Marmara Bölgesi, Türkiye"
VADİ TAKSİ DURAĞI,"Zekeriyaköy Mahallesi, İstanbul, Marmara Bölgesi, Türkiye"
İSPARK - KADIKÖY İDO İSKELESİ HALDUN TANER SAHNESİ ÖNÜ,"Caferağa Mahallesi, İstanbul, Marmara Bölgesi, 34710, Türkiye"
İSPARK ZEYNEP KAMİL,"Zeynep Kamil Mahallesi, Üsküdar, İstanbul, Marmara Bölgesi, Türkiye"
İSPARK MERTER METRO,"Abdurrahman Nafiz Gürman Mahallesi, Güngören, İstanbul, Marmara Bölgesi, 34173, Türkiye"
KOCATEPE METRO TAKSİ DURAĞI,"Kocatepe Mahallesi, Bayrampaşa, İstanbul, Marmara Bölgesi, 34045, Türkiye"
FORUM İSTANBUL TAKSİ DURAĞI,"Kocatepe Mahallesi, Bayrampaşa, İstanbul, Marmara Bölgesi, 34045, Türkiye"
YEŞİLTEPE TAKSİ DURAĞI,"Yeşiltepe Mahallesi, Zeytinburnu, İstanbul, Marmara Bölgesi, Türkiye"
İSPARK - ZEYTİNBURNU 58. BULVAR DEPO DURAĞI,"Nuripaşa Mahallesi, Zeytinburnu, İstanbul, Marmara Bölgesi, 34025, Türkiye"
ALTIN TAKSİ DURAĞI,"Yenidoğan Mahallesi, Bayrampaşa, İstanbul, Marmara Bölgesi, Türkiye"
BAYRAMPAŞA MERKEZ STAD TAKSİ DURAĞI,"Altıntepsi Mahallesi, İstanbul, Marmara Bölgesi, Türkiye"
TERCÜMAN TAKSİ,"Merkezefendi Mahallesi, Zeytinburnu, İstanbul, Marmara Bölgesi, Türkiye"
KEMERTÜRK TAKSI,"Mithatpaşa Mahallesi, Eyüpsultan, İstanbul, Marmara Bölgesi, 34075, Türkiye"
BAĞLARBAŞI TAKSİ DURAĞI,"Bağlarbaşı Mahallesi, Gaziosmanpaşa, İstanbul, Marmara Bölgesi, 34245, Türkiye"
DURAK TAKSİ,"Yeşilpınar Mahallesi, Eyüpsultan, İstanbul, Marmara Bölgesi, 34065, Türkiye"
EYÜP METRO TAKSİ,"Topçular Mahallesi, Eyüpsultan, İstanbul, Marmara Bölgesi, 34055, Türkiye"
RAMİ MEYDAN ERAY TAKSİ DURAĞI,"Rami Cuma Mahallesi, Eyüpsultan, İstanbul, Marmara Bölgesi, Türkiye"
HUZUR TAKSİ DURAĞI,"Yeşilpınar Mahallesi, Eyüpsultan, İstanbul, Marmara Bölgesi, 34065, Türkiye"
KULE TAKSİ DURAĞI,"Yedikule Mahallesi, Fatih, İstanbul, Marmara Bölgesi, Türkiye"
ŞEHREMİNNİ TAKSİ DURAĞI,"Topkapı Mahallesi, Fatih, İstanbul, Marmara Bölgesi, 34093, Türkiye"
PAZARİÇİ ÇEŞMETAKSİ DURAĞI,"Pazariçi Mahallesi, Gaziosmanpaşa, İstanbul, Marmara Bölgesi, Türkiye"
EYÜP BULVAR TAKSİİ DURAĞI,"İslambey Mahallesi, Eyüpsultan, İstanbul, Marmara Bölgesi, Türkiye"
FINDIKZADE TELE TAKSİ,"Haseki Sultan Mahallesi, Fatih, İstanbul, Marmara Bölgesi, 34107, Türkiye"
PENDİK DEVLET HASTANESİ  TAKSİ DURAĞI,"Fevzi Çakmak Mahallesi, Pendik, İstanbul, Marmara Bölgesi, 34899, Türkiye"
MARMARA ÜNV.EĞT.VE ARAŞ.HAST YENİ2,"Fevzi Çakmak Mahallesi, Pendik, İstanbul, Marmara Bölgesi, 34899, Türkiye"
KARTALTEPE MAH ATATÜRK BULVARI UMUMA AÇIK TAKSİ DURAĞI,"Karlıktepe Mahallesi, İstanbul, Marmara Bölgesi, Türkiye"
TOPSELVİ MERKEZ TAKSİ,"Yunus Mahallesi, İstanbul, Marmara Bölgesi, 34873, Türkiye"
GÜLLÜBAĞLAR,"Güllü Bağlar Mahallesi, Pendik, İstanbul, Marmara Bölgesi, 34906, Türkiye"
ESENTEPE TAKSİ,"Karlıktepe Mahallesi, İstanbul, Marmara Bölgesi, Türkiye"
KARTAL METRO DURAĞI,"Esentepe Mahallesi, Kartal, İstanbul, Marmara Bölgesi, 34870, Türkiye"
SS.124 NOLU DÖRTYOL TAKSİ DURAĞI,"Orta Mahalle, Kartal, İstanbul, Marmara Bölgesi, 34880, Türkiye"
CEVİZLİ TAKSİ DURAĞI,"Orhantepe Mahallesi, İstanbul, Marmara Bölgesi, Türkiye"
ÇEBİ TAKSİ,"Cevizli Mahallesi, İstanbul, Marmara Bölgesi, 34865, Türkiye"
DRAGOS TAKSİ,"Yalı Mahallesi, İstanbul, Marmara Bölgesi, Türkiye"
ADLİYE-HASTANE METRO DURAĞI-2,"Cevizli Mahallesi, İstanbul, Marmara Bölgesi, 34865, Türkiye"
DURU TAKSİ DURAĞI,"Cevizli Mahallesi, İstanbul, Marmara Bölgesi, 34865, Türkiye"
İSPARK Gülsuyu Metro Durağı,"Gülsuyu Mahallesi, İstanbul, Marmara Bölgesi, Türkiye"
MALTEPE SAHİL TAKSİ,"Yalı Mahallesi, İstanbul, Marmara Bölgesi, Türkiye"
SÜREYYA TAKSİ DURAĞI,"Feyzullah Mahallesi, İstanbul, Marmara Bölgesi, Türkiye"
GÜVEN TAKSİ DURAĞI,"Uğur Mumcu Mahallesi, Kartal, İstanbul, Marmara Bölgesi, 34882, Türkiye"
BOSTANCI İDO UMUMA AÇIK TAKSİ DURAĞI,"Bostancı Mahallesi, İstanbul, Marmara Bölgesi, 34744, Türkiye"
BOSTANCİ MEYDAN TAKSİ,"Bostancı Mahallesi, İstanbul, Marmara Bölgesi, 34744, Türkiye"
ALO TAKSİ DURAĞI,"Suadiye Mahallesi, Kadıköy, İstanbul, Marmara Bölgesi, Türkiye"
HİZMET TAKSİ,"Fatih Mahallesi, Sancaktepe, İstanbul, Marmara Bölgesi, 34885, Türkiye"
BOSTANCI METRO DURAĞI-4,"Bostancı Mahallesi, İstanbul, Marmara Bölgesi, 34744, Türkiye"
KOCAYOL TAKSİ,"Kozyatağı Mahallesi, Kadıköy, İstanbul, Marmara Bölgesi, 34742, Türkiye"
BOSTANCI METRO DURAĞI-1,"Kozyatağı Mahallesi, Kadıköy, İstanbul, Marmara Bölgesi, 34742, Türkiye"
ALTUNİZADE ÜSKÜDAR,"Altunizade Mahallesi, Üsküdar, İstanbul, Marmara Bölgesi, Türkiye"
FENER YOLU CADDESİ UMUMA AÇIK TAKSİ DURAĞI,"Fenerbahçe Mahallesi, İstanbul, Marmara Bölgesi, 34726, Türkiye"
POYRAZ SOKAK UMUMA AÇIK TAKSİ DURAĞI,"Eğitim Mahallesi, İstanbul, Marmara Bölgesi, Türkiye"
"KALAMIŞ MARİNA TAKSİ DURAĞI""","Fenerbahçe Mahallesi, İstanbul, Marmara Bölgesi, 34726, Türkiye"
KALAMIŞ OKUL TAKSİ DURAĞI,"Fenerbahçe Mahallesi, İstanbul, Marmara Bölgesi, 34726, Türkiye"
GÜNAYDIN TAKSİ DURAĞI,"Etiler Mahallesi, İstanbul, Marmara Bölgesi, 34337, Türkiye"
DEMİRCİKÖY MARTI TAKSİ DURAĞI-2-,"Zekeriyaköy Mahallesi, İstanbul, Marmara Bölgesi, Türkiye"
VALİDEBAĞ TAKSİ DURAĞI,"Altunizade Mahallesi, Üsküdar, İstanbul, Marmara Bölgesi, Türkiye"
İSPARK - ÜSKÜDAR BEYLERBEYİ METROBÜS DURAĞI YANI,"Kuzguncuk Mahallesi, Üsküdar, İstanbul, Marmara Bölgesi, 34674, Türkiye"
BOĞAZİÇİ TAKSİ DURAĞI,"Bebek Mahallesi, Beşiktaş, İstanbul, Marmara Bölgesi, 34342, Türkiye"
SARIYER KİREÇBURNU TAKSİ DURAĞI,"Kireçburnu Mahallesi, Sarıyer, İstanbul, Marmara Bölgesi, Türkiye"
BORSA TAKSİ DURAĞI,"Emirgan Mahallesi, Sarıyer, İstanbul, Marmara Bölgesi, 34467, Türkiye"
ÜSKÜDAR BADEM TAKSİ,"Acıbadem Mahallesi, Üsküdar, İstanbul, Marmara Bölgesi, 34660, Türkiye"
FENER YOLU TAKSİ DURAĞI,"Göztepe Mahallesi, Kadıköy, İstanbul, Marmara Bölgesi, Türkiye"
EMİRGAN TAKSİ DURAĞI,"Emirgan Mahallesi, Sarıyer, İstanbul, Marmara Bölgesi, 34467, Türkiye"
BALTA LİMANI TAKSİ DURAĞI,"Baltalimanı Mahallesi, Sarıyer, İstanbul, Marmara Bölgesi, 34470, Türkiye"
MARTI DURAĞI YONCA EVLERİ 1,"Zekeriyaköy Mahallesi, İstanbul, Marmara Bölgesi, Türkiye"
NET TAKSİ DURAĞI,"Çengelköy Mahallesi, Üsküdar, İstanbul, Marmara Bölgesi, Türkiye"
KÜPLÜCE TAKSİ DURAĞI,"Kirazlıtepe Mahallesi, Üsküdar, İstanbul, Marmara Bölgesi, Türkiye"
TEPEGÖZ SOKAK,"Göztepe Mahallesi, Kadıköy, İstanbul, Marmara Bölgesi, Türkiye"
İSPARK UZUNÇAYIR,"Hasanpaşa Mahallesi, Kadıköy, İstanbul, Marmara Bölgesi, 34772, Türkiye"
GÖZTEPE HİZMET TAKSİ,"Göztepe Mahallesi, Kadıköy, İstanbul, Marmara Bölgesi, Türkiye"
İSPARK - SARIYER İSTİNYE İDO ÖNÜ,"İstinye Mahallesi, Sarıyer, İstanbul, Marmara Bölgesi, 34460, Türkiye"
ÇAMLICA TURİZM TAKSİ DURAĞI,"Kısıklı Mahallesi, Üsküdar, İstanbul, Marmara Bölgesi, 34762, Türkiye"
OPERATÖR CEMİL TOPUZLU CADDESİ UMUMA AÇIK TAKSİ DURAĞI TALEBİ,"Caddebostan Mahallesi, İstanbul, Marmara Bölgesi, 34728, Türkiye"
TANZİMAT TAKSİ DURAĞI,"Göztepe Mahallesi, Kadıköy, İstanbul, Marmara Bölgesi, Türkiye"
SANTRAL TAKSİ DURAĞI-1,"Göztepe Mahallesi, Kadıköy, İstanbul, Marmara Bölgesi, Türkiye"
EMRE AYDIN MESA TAKSİ DURAĞI,"Küçüksu Mahallesi, Üsküdar, İstanbul, Marmara Bölgesi, Türkiye"
SOYAK TAKSİ DURAĞI,"Ünalan Mahallesi, Üsküdar, İstanbul, Marmara Bölgesi, 34700, Türkiye"
BULVAR TAKSİ DURAĞI,"Güzeltepe Mahallesi, Üsküdar, İstanbul, Marmara Bölgesi, Türkiye"
GÖZTEPE MEDİKAL PARK TELSİZ TAKSİ DURAĞI,"Merdivenköy Mahallesi, Kadıköy, İstanbul, Marmara Bölgesi, 34732, Türkiye"
AS TAKSİ DURAĞI,"Suadiye Mahallesi, Kadıköy, İstanbul, Marmara Bölgesi, Türkiye"
FETİH(ATAŞEHİR) TELSİZ TAKSİ DURAĞI,"Fetih Mahallesi, Ataşehir, İstanbul, Marmara Bölgesi, Türkiye"
SUADİYE MERKEZ TAKSİ DURAĞI,"Suadiye Mahallesi, Kadıköy, İstanbul, Marmara Bölgesi, Türkiye"
ÖZLEM TUR TAKSİ,"Sahrayıcedit Mahallesi, İstanbul, Marmara Bölgesi, Türkiye"
ÇAYIR TAKSİ DURAĞI,"Bulgurlu Mahallesi, Üsküdar, İstanbul, Marmara Bölgesi, 34696, Türkiye"
ÜSKÜDAR FIRIN SK TAKSİ DURAĞI,"Yavuztürk Mahallesi, Üsküdar, İstanbul, Marmara Bölgesi, 34690, Türkiye"
OPTİMUM AVM ÖNÜ,"Yenisahra Mahallesi, İstanbul, Türkiye"
KAZASKER TAKSİ DURAĞI (ÖZEN TAKSİ),"19 Mayıs Mahallesi, İstanbul, Marmara Bölgesi, 34736, Türkiye"
İSPARK SUİŞ,"Atatürk Mahallesi, Ümraniye, İstanbul, Marmara Bölgesi, 34764, Türkiye"
ÇAMLICA BEREKET TAKSİ DURAĞI,"Tantavi Mahallesi, Ümraniye, İstanbul, Marmara Bölgesi, Türkiye"
MEDİCAL PARK TAKSİ DURAĞI,"Sahrayıcedit Mahallesi, İstanbul, Marmara Bölgesi, Türkiye"
İSPARK BEYKOZ,"Çubuklu Mahallesi, Beykoz, İstanbul, Marmara Bölgesi, Türkiye"
BOSTANCI İDO,"Bostancı Mahallesi, İstanbul, Marmara Bölgesi, 34744, Türkiye"
İSPAK - KADIKÖY BOSTANCI İDO VE ADALAR İSKELESİ ÖNÜ,"Bostancı Mahallesi, İstanbul, Marmara Bölgesi, 34744, Türkiye"
NİHAT TARLAN TAKSİ DURAĞI,"Bostancı Mahallesi, İstanbul, Marmara Bölgesi, 34744, Türkiye"
MY WORD AĞAOĞLU TAKSİ,"Barbaros Mahallesi, Ataşehir, İstanbul, Marmara Bölgesi, 34746, Türkiye"
BATI ATAŞEHİR MERKEZ TAKSİ DURAĞI,"Barbaros Mahallesi, Ataşehir, İstanbul, Marmara Bölgesi, 34746, Türkiye"
ATAŞEHİR ŞİRİN TAKSİ DURAĞI,"Barbaros Mahallesi, Ataşehir, İstanbul, Marmara Bölgesi, 34746, Türkiye"
ATAŞEHİR GREEN PARK OTELİ,"İçerenköy Mahallesi, İstanbul, Marmara Bölgesi, 34752, Türkiye"
İÇERENKÖY MERKEZ TAKSİ,"İçerenköy Mahallesi, İstanbul, Marmara Bölgesi, 34752, Türkiye"
SOYAK YENİ ŞEHİR TAKSİ,"Site Mahallesi, Ümraniye, İstanbul, Marmara Bölgesi, Türkiye"
FINDIKLI MERKEZ TAKSİ DURAĞI,"İçerenköy Mahallesi, İstanbul, Marmara Bölgesi, 34752, Türkiye"
İSPARK ATAŞEHİR,"Atatürk Mahallesi, Ataşehir, İstanbul, Marmara Bölgesi, 34758, Türkiye"
İSPARK - MALTEPE İDO İSKELESİ,"Yalı Mahallesi, İstanbul, Marmara Bölgesi, Türkiye"
MARMARA TIP FAKÜLTESİ TAKSİ DURAĞI,"Bağlarbaşı Mahallesi, İstanbul, Marmara Bölgesi, 34844, Türkiye"
ATAŞEHİR SİTE TAKSİ DURAĞI,"Mevlana Mahallesi, İstanbul, Türkiye"
ATALAR TAKSİ DURAĞI,"Atalar Mahallesi, İstanbul, Marmara Bölgesi, Türkiye"
PALMİYE TAKSİ DURAĞI,"Kordonboyu Mahallesi, İstanbul, Marmara Bölgesi, 34860, Türkiye"
AĞAOĞLU ELTES GÜNEŞİ TAKSİ DURAĞI,"Madenler Mahallesi, Ümraniye, İstanbul, Marmara Bölgesi, Türkiye"
İSPARK KARTAL HÜRRİYET CAD.,"Kordonboyu Mahallesi, İstanbul, Marmara Bölgesi, 34860, Türkiye"
İSPARK KARTAL İDO,"Kordonboyu Mahallesi, İstanbul, Marmara Bölgesi, 34860, Türkiye"
KARTAL ÇAVUŞOĞLU TAKSİ DURAĞI,"Çavuşoğlu Mahallesi, İstanbul, Marmara Bölgesi, Türkiye"
SEKMEN TAKSİ DURAĞI,"Uğur Mumcu Mahallesi, Kartal, İstanbul, Marmara Bölgesi, 34882, Türkiye"
SEKMEN TAKSİ DURAĞI,"Yakacık Çarşı Mahallesi, Kartal, İstanbul, Marmara Bölgesi, 34876, Türkiye"
KARTAL KURFALI TAKSİ DURAĞI,"Hürriyet Mahallesi, Kartal, İstanbul, Marmara Bölgesi, 34876, Türkiye"
GÜLDESTE CADDESİ UMUMA AÇIK TAKSİ DURAĞI,"Batı Mahallesi, Pendik, İstanbul, Marmara Bölgesi, 34890, Türkiye"
PENDİK BİRLİK TAKSİ DURAĞI,"Batı Mahallesi, Pendik, İstanbul, Marmara Bölgesi, 34890, Türkiye"
İSPARK - PENDİK MARİNA AVM ÖNÜ,"Batı Mahallesi, Pendik, İstanbul, Marmara Bölgesi, 34890, Türkiye"
PENDİK MERKEZ TAKSİ DURAĞI,"Doğu Mahallesi, Pendik, İstanbul, Marmara Bölgesi, 34890, Türkiye"
PENDİK DENİZ TAKSİ DURAĞI,"Doğu Mahallesi, Pendik, İstanbul, Marmara Bölgesi, 34890, Türkiye"
GAR TAKSİ,"İstasyon Mahallesi, İstanbul, Marmara Bölgesi, Türkiye"
PENDİK KÖYÜ KIZILYERLER TAKSİ DURAĞI,"Çamçeşme Mahallesi, İstanbul, Marmara Bölgesi, Türkiye"
PENDİK DİVAN TAKSİ DURAĞI,"Çamçeşme Mahallesi, İstanbul, Marmara Bölgesi, Türkiye"
SİTE TAKSİ,"Mevlana Mahallesi, İstanbul, Marmara Bölgesi, 34515, Türkiye"
ALTINYILDIZ TAKSİ DURAĞI,"Cumhuriyet Mahallesi, İstanbul, Marmara Bölgesi, Türkiye"
MİGROS TAKSİ,"Barış Mahallesi, Beylikdüzü, İstanbul, Marmara Bölgesi, 34520, Türkiye"
ADAKENT TAKSİ DURAĞI,"Mevlana Mahallesi, İstanbul, Marmara Bölgesi, 34515, Türkiye"
MARMARA LİMAN TAKSİ,"Marmara Mahallesi, İstanbul, Marmara Bölgesi, 34524, Türkiye"
Teşvikiye Merkez Taksi,"Muradiye Mahallesi, İstanbul, Marmara Bölgesi, Türkiye"
BAŞAK TAKSİ,"Hamidiye Mahallesi, Kağıthane, İstanbul, Marmara Bölgesi, 34408, Türkiye"
İdare Taksi-3,"Hamidiye Mahallesi, Kağıthane, İstanbul, Marmara Bölgesi, 34408, Türkiye"
NEF TAKSİ,"Çağlayan Mahallesi, İstanbul, Marmara Bölgesi, 34403, Türkiye"
ARNAVUTKÖY MERKEZ TAKSİ,"Mustafa Kemal Paşa Mahallesi, İstanbul, Marmara Bölgesi, Türkiye"
ARNAVUTKÖY HADIMKÖY MERKEZ TAKSİ,"Hadımköy Mahallesi, İstanbul, Marmara Bölgesi, Türkiye"
ASTORİA  TAKSİ DURAĞI,"Esentepe Mahallesi, Şişli, İstanbul, Marmara Bölgesi, Türkiye"
ATAŞEHİR MERKEZ TAKSİ,"Atatürk Mahallesi, Ataşehir, İstanbul, Marmara Bölgesi, 34758, Türkiye"
FERHATPAŞA MERKEZ TAKSİ,"Ferhatpaşa Mahallesi, Ataşehir, İstanbul, Marmara Bölgesi, 34888, Türkiye"
HAS TAKSİ,"Küçükbakkalköy Mahallesi, İstanbul, 34750, Türkiye"
İÇERENKÖY CARREFOR AVM TAKSİ,"İçerenköy Mahallesi, İstanbul, Marmara Bölgesi, 34752, Türkiye"
SOYAK SİTE TAKSİ,"Fetih Mahallesi, Ataşehir, İstanbul, Marmara Bölgesi, Türkiye"
TRENDİST TAKSİ,"Atatürk Mahallesi, Ataşehir, İstanbul, Marmara Bölgesi, 34758, Türkiye"
Kirazlı Merkez Taksi,"Kirazlı Mahallesi, İstanbul, Marmara Bölgesi, Türkiye"
212 TAKSİ,"Mahmutbey Mahallesi, İstanbul, Marmara Bölgesi, 34218, Türkiye"
217.SOKAK NO:1 T.ÖZAL BULVARI,"Çatalmeşe Mahallesi, Reşadiye, Çekmeköy, İstanbul, Marmara Bölgesi, Türkiye"
YILDIZ TAKSİ,"Abbasağa Mahallesi, İstanbul, Marmara Bölgesi, Türkiye"
GÜVEN TAKSİ -2-,"Duatepe Mahallesi, Şişli, İstanbul, Marmara Bölgesi, Türkiye"
AİLE TAKSİ,"Balmumcu Mahallesi, Beşiktaş, İstanbul, Marmara Bölgesi, 34394, Türkiye"
ÇEVİK TAKSİ,"Balmumcu Mahallesi, Beşiktaş, İstanbul, Marmara Bölgesi, 34394, Türkiye"
UMUMA AÇIK,"Atakent Mahallesi, İstanbul, Marmara Bölgesi, 34307, Türkiye"
Fulya Mehmetçik Taksi,"Fulya Mahallesi, Şişli, İstanbul, Marmara Bölgesi, 34346, Türkiye"
ULUS VADİ TAKSİ,"Ulus Mahallesi, İstanbul, Marmara Bölgesi, Türkiye"
MİDDİLİST TAKSİ DURAĞI,"Kaptanpaşa Mahallesi, Şişli, İstanbul, Marmara Bölgesi, 34385, Türkiye"
Özbal Taksi,"Fulya Mahallesi, Şişli, İstanbul, Marmara Bölgesi, 34346, Türkiye"
RASATHANE TAKSİ DURAĞI,"Küçüksu Mahallesi, Üsküdar, İstanbul, Marmara Bölgesi, Türkiye"
ESENTEPE DEDEMAN BEŞİKTAŞ TAKSİ,"Gayrettepe Mahallesi, İstanbul, Marmara Bölgesi, Türkiye"
ŞİŞLİ KAPTANPAŞA DARULACEZE YOLU,"Kaptanpaşa Mahallesi, Şişli, İstanbul, Marmara Bölgesi, 34385, Türkiye"
Mecidiyeköy Yolu Caddesi(trump kuleleri avm önü),"Kuştepe Mahallesi, Şişli, İstanbul, Marmara Bölgesi, Türkiye"
DİLAN TAKSİ-1,"Mecidiyeköy Mahallesi, Şişli, İstanbul, Marmara Bölgesi, 34387, Türkiye"
İstoç Taksi,"Mahmutbey Mahallesi, İstanbul, Marmara Bölgesi, 34218, Türkiye"
SİLİVRİ OTOGAR TAKSİ DURAĞI,"Alibey Mahallesi, İstanbul, Marmara Bölgesi, Türkiye"
DEPOSİTE(AVM) TAKSİ DURAĞI,"Organize Sanayi Bölgesi Mahallesi, İstanbul, Marmara Bölgesi, Türkiye"
KÜÇÜKKÖY ÖZ TAKSİ KOOP,"Yeni Mahalle, Gaziosmanpaşa, İstanbul, Marmara Bölgesi, 34250, Türkiye"
Nurtepe Taksi-1,"Nurtepe Mahallesi, Kağıthane, İstanbul, Marmara Bölgesi, Türkiye"
GAZİOSMANPAŞA DEVLET HASTANESİ TAKSİ,"Karayolları Mahallesi, Gaziosmanpaşa, İstanbul, Marmara Bölgesi, Türkiye"
ÖZEL EMSEY HASTANESİ ÖNÜ UMUMA AÇIK TAKSİ DURAĞI,"Çamlık Mahallesi, Pendik, İstanbul, Marmara Bölgesi, 34912, Türkiye"
BUYAKA TAKSİ DURAĞI,"Fatih Sultan Mehmet Mahallesi, Ümraniye, İstanbul, Marmara Bölgesi, Türkiye"
SAHİL TAKSİ-1,"Fatih Mahallesi, Büyükçekmece, İstanbul, Marmara Bölgesi, 34500, Türkiye"
MAT CENTER,"100. Yıl Mahallesi, Bağcılar, İstanbul, Marmara Bölgesi, Türkiye"
HÜR TAKSİ,"15 Temmuz Mahallesi, Bağcılar, İstanbul, Marmara Bölgesi, Türkiye"
TARABYA TAKSİ,"Tarabya Mahallesi, Sarıyer, İstanbul, Marmara Bölgesi, 34457, Türkiye"
FLORA TAKSİ,"Küçükbakkalköy Mahallesi, İstanbul, 34750, Türkiye"
CEVİZLİ TAKSİ,"Orhantepe Mahallesi, İstanbul, Marmara Bölgesi, Türkiye"
ÇAĞLAYAN TAKSİ,"Çağlayan Mahallesi, İstanbul, Marmara Bölgesi, 34403, Türkiye"
KERVANCILAR TAKSİ,"Küçükbakkalköy Mahallesi, İstanbul, 34750, Türkiye"
AVCILAR MARMARA TAKSİ DURAĞI,"Merkez Mahallesi, Avcılar, İstanbul, Marmara Bölgesi, Türkiye"
CEVİZLİ İSTASYON,"Orhantepe Mahallesi, İstanbul, Marmara Bölgesi, Türkiye"
ÇİNİLİ TAKSİ,"Muratreis Mahallesi, Üsküdar, İstanbul, Marmara Bölgesi, 34664, Türkiye"
İSPARK CEVİZLİBAĞ,"Maltepe Mahallesi, Zeytinburnu, İstanbul, Marmara Bölgesi, 34010, Türkiye"
KUBİLAY TAKSİ,"Çeliktepe Mahallesi, İstanbul, Marmara Bölgesi, Türkiye"
FENER KALAMIŞ YOLU TAKSİ,"Fenerbahçe Mahallesi, İstanbul, Marmara Bölgesi, 34726, Türkiye"
Denizköşkler Taksi,"Denizköşkler Mahallesi, Avcılar, İstanbul, Marmara Bölgesi, Türkiye"
ATABİRLİK TAKSİ,"Ataköy 1. Kısım Mahallesi, Bakırköy, İstanbul, Marmara Bölgesi, Türkiye"
Kayışdağı Caddesi Umuma Açık,"İnönü Mahallesi, İstanbul, Türkiye"
İSPARK KOZYATAĞI METRO-HALYOLU,"İçerenköy Mahallesi, İstanbul, Marmara Bölgesi, 34752, Türkiye"
İSPARK  KAYIŞDAĞI CAD. BAĞLARİÇİ OTOBÜS DURAĞI ALTI,"İçerenköy Mahallesi, İstanbul, Marmara Bölgesi, 34752, Türkiye"
SAHRA BİRLİK TAKSİ,"Sahrayıcedit Mahallesi, İstanbul, Marmara Bölgesi, Türkiye"
SAMANDIRA MERKEZ TAKSI,"Eyüp Sultan Mahallesi, Sancaktepe, İstanbul, Marmara Bölgesi, Türkiye"
AVCILAR GOL TAKSİİ DURAĞI,"Üniversite Mahallesi, Avcılar, İstanbul, Marmara Bölgesi, Türkiye"
İHLAS İKİ KENT TAKSİ,"Kavaklı Mahallesi, Beylikdüzü, İstanbul, Marmara Bölgesi, 34520, Türkiye"
PALLADİUM AVM ÖNÜ,"Barbaros Mahallesi, Ataşehir, İstanbul, Marmara Bölgesi, 34746, Türkiye"
BAKIRKÖY BİRLİK TAKSİ,"Kartaltepe Mahallesi, Bakırköy, İstanbul, Marmara Bölgesi, 34145, Türkiye"
YENİSAHRA METRO DURAĞI,"Sahrayıcedit Mahallesi, İstanbul, Marmara Bölgesi, Türkiye"
BATMAN SOKAK BUHU BABA UMUMA AÇIK TAKSİ DURAĞI,"Sahrayıcedit Mahallesi, İstanbul, Marmara Bölgesi, Türkiye"
Denizatı Kent Taksi Durağı,"Sümer Mahallesi, Zeytinburnu, İstanbul, Marmara Bölgesi, 34025, Türkiye"
ZİVERBEY TAKSİ,"Zühtüpaşa Mahallesi, Kadıköy, İstanbul, Marmara Bölgesi, Türkiye"
Atrium Taksi,"Ataköy 7-8-9-10. Kısım Mahallesi, Bakırköy, İstanbul, Marmara Bölgesi, 34156, Türkiye"
DEPO TAKSİ,"Yenidoğan Mahallesi, Zeytinburnu, İstanbul, Marmara Bölgesi, Türkiye"
GÖZTEPE KAVŞAĞI(GÖZTEPE NİDA KULE KARŞISI) İŞ MERKEZİ KARŞISI,"Merdivenköy Mahallesi, Kadıköy, İstanbul, Marmara Bölgesi, 34732, Türkiye"
RIHTIM METRO TAKSİ,"Caferağa Mahallesi, İstanbul, Marmara Bölgesi, 34710, Türkiye"
İSPARK RIHTIM CADDESİ TAKSİ,"Osmanağa Mahallesi, İstanbul, Marmara Bölgesi, 34714, Türkiye"
OSMANİYE TAKSİ DURAĞI,"Osmaniye Mahallesi, Bakırköy, İstanbul, Marmara Bölgesi, 34146, Türkiye"
İSPARK DUMLUPINAR,"Zafer Mahallesi, Bahçelievler, İstanbul, Marmara Bölgesi, 34194, Türkiye"
OSMANİYE MERKEZ TAKSİ DURAĞI,"Osmaniye Mahallesi, Bakırköy, İstanbul, Marmara Bölgesi, 34146, Türkiye"
TURUNCU TAKSİ,
Göztepe Metro Durağı,"Ünalan Mahallesi, Üsküdar, İstanbul, Marmara Bölgesi, 34700, Türkiye"
ESMAN TAKSİ,"Barbaros Mahallesi, Ataşehir, İstanbul, Marmara Bölgesi, 34746, Türkiye"
ADIGÜZEL SİTELER TAKSİ,"Yenişehir Mahallesi, Ataşehir, İstanbul, Marmara Bölgesi, 34779, Türkiye"
Balıklı Rum Hastane Taksi,"Kazlıçeşme Mahallesi, Zeytinburnu, İstanbul, Marmara Bölgesi, 34020, Türkiye"
KADİR HAS ÇOCUK DÜNYASI TAKSİ,"Bahçelievler Mahallesi, Bahçelievler, İstanbul, Marmara Bölgesi, 34180, Türkiye"
BAKIRKÖY METRO DURAĞI,"Osmaniye Mahallesi, Bakırköy, İstanbul, Marmara Bölgesi, 34146, Türkiye"
ŞERİFALİ CAN TAKSİ,"Şerifali Mahallesi, Ümraniye, İstanbul, Marmara Bölgesi, Türkiye"
Ünalan Metro Durağı,"Ünalan Mahallesi, Üsküdar, İstanbul, Marmara Bölgesi, 34700, Türkiye"
Samatya SGK Hastane - 1,"Cerrahpaşa Mahallesi, Fatih, İstanbul, Marmara Bölgesi, Türkiye"
İSPARK BURHAN FELEK CAD. TAKSİ,"Selimiye Mahallesi, Üsküdar, İstanbul, Marmara Bölgesi, 34668, Türkiye"
İstanbul EvleriTaksi 1,"Bahçelievler Mahallesi, Bahçelievler, İstanbul, Marmara Bölgesi, 34180, Türkiye"
TORYUM AVM TAKSİ,"Turgut Özal Mahallesi, İstanbul, Marmara Bölgesi, Türkiye"
ALİ DEDE CAD.MEDİPOL HASTANESİ YANI,"Koşuyolu Mahallesi, Kadıköy, İstanbul, Marmara Bölgesi, 34719, Türkiye"
Çiçek Taksi,"Bahçelievler Mahallesi, Bahçelievler, İstanbul, Marmara Bölgesi, 34180, Türkiye"
Yenikapı Taksi,"Katip Kasım Mahallesi, Fatih, İstanbul, Marmara Bölgesi, Türkiye"
YEŞİLKENT TAKSİ DURAĞI,"Adnan Kahveci Mahallesi, Beylikdüzü, İstanbul, Marmara Bölgesi, 34528, Türkiye"
Aksaray Taksi,"Aksaray Mahallesi, Fatih, İstanbul, Marmara Bölgesi, 34096, Türkiye"
Sefaköy Merkez Taksi - 2,"Tevfikbey Mahallesi, Küçükçekmece, İstanbul, Marmara Bölgesi, Türkiye"
MERKEZ EVLERİ,"Merkezefendi Mahallesi, Zeytinburnu, İstanbul, Marmara Bölgesi, Türkiye"
STAR CİTY TAKSİ,"Yenibosna Merkez Mahallesi, İstanbul, Marmara Bölgesi, 34197, Türkiye"
KAYA TAKSİ,"Bostancı Mahallesi, İstanbul, Marmara Bölgesi, 34744, Türkiye"
HİLTON TAKSİ,"Sahrayıcedit Mahallesi, İstanbul, Marmara Bölgesi, Türkiye"
EVRENTUR,"Caddebostan Mahallesi, İstanbul, Marmara Bölgesi, 34728, Türkiye"
ALP TAKSİ,"Kozyatağı Mahallesi, Kadıköy, İstanbul, Marmara Bölgesi, 34742, Türkiye"
HURRY IN TURİZM OTEL TAKSİ,"Mehmet Nesih Özmen Mahallesi, Güngören, İstanbul, Marmara Bölgesi, 34173, Türkiye"
ÜSKÜDAR ÇAYIR TAKSİ DURAĞI,"Cumhuriyet Mahallesi, Üsküdar, İstanbul, Marmara Bölgesi, 34697, Türkiye"
BİRLİK TAKSİ,"İcadiye Mahallesi, Üsküdar, İstanbul, Marmara Bölgesi, Türkiye"
Maya Residans,"Bebek Mahallesi, Beşiktaş, İstanbul, Marmara Bölgesi, 34342, Türkiye"
İSTANBUL ADALET SARAYI TAKSİ,"Çağlayan Mahallesi, İstanbul, Marmara Bölgesi, 34403, Türkiye"
AKATLAR TAKSİ,"Akat Mahallesi, İstanbul, Marmara Bölgesi, 34335, Türkiye"
Kanyon Taksi - 1,"Esentepe Mahallesi, Şişli, İstanbul, Marmara Bölgesi, Türkiye"
Çınar Taksi,"Bebek Mahallesi, Beşiktaş, İstanbul, Marmara Bölgesi, 34342, Türkiye"
POLLCENTER TAKSİ DURAĞI,"Esentepe Mahallesi, Şişli, İstanbul, Marmara Bölgesi, Türkiye"
ÇAMLIK CADDESİ İSPARK,"Levent Mahallesi, İstanbul, Marmara Bölgesi, 34330, Türkiye"
UYGUN TAKSİ,"Levent Mahallesi, İstanbul, Marmara Bölgesi, 34330, Türkiye"
KAĞITHANE EMNİYET TAKSİ DURAĞI,"Emniyetevleri Mahallesi, Kağıthane, İstanbul, Marmara Bölgesi, 34415, Türkiye"
MEVLANA TAKSİ DURAĞI,"Mevlana Mahallesi, Gaziosmanpaşa, İstanbul, Marmara Bölgesi, Türkiye"
İSPARK 4. LEVENT METRO ÇIKIŞI,"Emniyetevleri Mahallesi, Kağıthane, İstanbul, Marmara Bölgesi, 34415, Türkiye"
BİZİM TAKSİ,"Anadolu Hisarı Mahallesi, Beykoz, İstanbul, Marmara Bölgesi, 34810, Türkiye"
2.ULUS MERKEZ TAKSİ,"Konaklar Mahallesi, Beşiktaş, İstanbul, Marmara Bölgesi, 34330, Türkiye"
Konak Taksi,"Konaklar Mahallesi, Beşiktaş, İstanbul, Marmara Bölgesi, 34330, Türkiye"
SEYRANTEPE EMNİYET TAKSİ DURAĞI,"Seyrantepe Mahallesi, İstanbul, Marmara Bölgesi, Türkiye"
CEBECİ MERKEZ TAKSİ,"Cebeci Mahallesi, Sultangazi, İstanbul, Marmara Bölgesi, Türkiye"
HASTANE ACİL TAKSİ-1 (DOĞUŞ OTO),"Maslak Mahallesi, Sarıyer, İstanbul, Marmara Bölgesi, 34485, Türkiye"
MASHATTAN TAKSİ-1,"Maslak Mahallesi, Sarıyer, İstanbul, Marmara Bölgesi, 34485, Türkiye"
İSPARK SAİP MOLLA CAD. TAKSİ DURAĞI,"İncirköy Mahallesi, Beykoz, İstanbul, Marmara Bölgesi, 34800, Türkiye"
KÜÇÜKEV TAKSİ,"Pınar Mahallesi, Sarıyer, İstanbul, Marmara Bölgesi, 34460, Türkiye"
ŞİRKET TAKSİ,"Ferahevler Mahallesi, İstanbul, Marmara Bölgesi, Türkiye"
ACIBADEM ÇAMLIK TAKSİ,"Tarabya Mahallesi, Sarıyer, İstanbul, Marmara Bölgesi, 34457, Türkiye"
Göktürk Merkez Taksi-3,"Göktürk Merkez Mahallesi, Eyüpsultan, İstanbul, Marmara Bölgesi, 34077, Türkiye"
KOÇ TAKSİ,"Maltepe Mahallesi, Zeytinburnu, İstanbul, Marmara Bölgesi, 34010, Türkiye"
Tepebaşı Taksi - 1,"Asmalı Mescit Mahallesi, İstanbul, Marmara Bölgesi, Türkiye"
Pera Taksi,
ZİNCİRLİKUYU THE GREEN TAKSİ,"Esentepe Mahallesi, Şişli, İstanbul, Marmara Bölgesi, Türkiye"
Karaköy Yolcu Salonu Turizm Taksi,"Kemankeş Karamustafa Paşa Mahallesi, İstanbul, Marmara Bölgesi, Türkiye"
LİV TAKSİ,"Ulus Mahallesi, İstanbul, Marmara Bölgesi, Türkiye"
GÜVEN TAKSİ,"Çınar Mahallesi, Bağcılar, İstanbul, Marmara Bölgesi, Türkiye"
GÜNEŞLİ MERKEZ TAKSİ,"Hürriyet Mahallesi, İstanbul, Marmara Bölgesi, 34118, Türkiye"
BEYKENT TAKSİ (2),"Cumhuriyet Mahallesi, Büyükçekmece, İstanbul, Marmara Bölgesi, 34500, Türkiye"
BEYKOZ UFUK TAKSİ DURAĞI,"Merkez Mahallesi, Beykoz, İstanbul, Marmara Bölgesi, 34820, Türkiye"
İSPARK - FATİH VATAN MİGROS ÖNÜ,"Topkapı Mahallesi, Fatih, İstanbul, Marmara Bölgesi, 34093, Türkiye"
EYÜP DEVLET HASTANESİ-1,"Merkez Mahallesi, Eyüpsultan, İstanbul, Marmara Bölgesi, 0000, Türkiye"
EVREN TAKSİ DURAĞI,"15 Temmuz Mahallesi, Bağcılar, İstanbul, Marmara Bölgesi, Türkiye"
KÖKNAR TAKSİ DURAĞI(GÖZDE TAKSİ),"Yenibosna Merkez Mahallesi, İstanbul, Marmara Bölgesi, 34197, Türkiye"
TURİZM TAKSİ DURAĞI,"Yeşilköy Mahallesi, Bakırköy, İstanbul, Marmara Bölgesi, Türkiye"
AIRPORT TAKSİ DURAĞI,"Ataköy 7-8-9-10. Kısım Mahallesi, Bakırköy, İstanbul, Marmara Bölgesi, 34156, Türkiye"
ÇINAR TAKSİ DURAĞI,"Yeşilköy Mahallesi, Bakırköy, İstanbul, Marmara Bölgesi, Türkiye"
İNTERNATİONAL HOSPİTAL TAKSİ,"Yeşilköy Mahallesi, Bakırköy, İstanbul, Marmara Bölgesi, Türkiye"
YENİBOSNA KAVŞAĞI YAN YOL BAKIRKÖY İSTİKAMETİ UMUMA AÇIK TAKSİ DURAĞI,"Ataköy 7-8-9-10. Kısım Mahallesi, Bakırköy, İstanbul, Marmara Bölgesi, 34156, Türkiye"
YEŞİLYURT TAKSİ DURAĞI,"Yeşilyurt Mahallesi, Bakırköy, İstanbul, Marmara Bölgesi, Türkiye"
ATAMERKEZ MERKEZ TAKSİ(BAKIRKÖY),"Ataköy 7-8-9-10. Kısım Mahallesi, Bakırköy, İstanbul, Marmara Bölgesi, 34156, Türkiye"
MEGA TAKSI,"Göztepe Mahallesi, Bağcılar, İstanbul, Marmara Bölgesi, Türkiye"
BAHÇELIEVLER DEVLET HASTANESI -1,
SANCAKTEPE EĞT UYG. OKULU YANI UATD,"Sancaktepe Mahallesi, Bağcılar, İstanbul, Marmara Bölgesi, Türkiye"
ATAKÖY TURİZM TAKSİ,"Ataköy 2-5-6. Kısım Mahallesi, Bakırköy, İstanbul, Marmara Bölgesi, 34158, Türkiye"
İLGİ / 24 TAKSİ DURAĞ,"Güneştepe Mahallesi, Güngören, İstanbul, Marmara Bölgesi, Türkiye"
BAKIRKÖY DEVLET HASTANESİ TAKSİ DURAĞI,"Zuhuratbaba Mahallesi, Bakırköy, İstanbul, Marmara Bölgesi, 34147, Türkiye"
BAĞCILAR DEVLET HASTANESİ TAKSİ DURAĞI,"Bağcılar Merkez Mahallesi, Bağcılar, İstanbul, Marmara Bölgesi, Türkiye"
CAPACİTY TAKSİ,"Ataköy 1. Kısım Mahallesi, Bakırköy, İstanbul, Marmara Bölgesi, Türkiye"
İSTANBUL EVLERİ TAKSİ DURAĞI,"Bahçelievler Mahallesi, Bahçelievler, İstanbul, Marmara Bölgesi, 34180, Türkiye"
İSPARK - BAKIRKÖY İSTANBUL CADDESİ,"Cevizlik Mahallesi, Bakırköy, İstanbul, Marmara Bölgesi, 34142, Türkiye"
ESENLER KAZIM KARABEKİR OTOBÜS DURAĞI MEVKİİ TAKSİ (ESENLER ÇEVRE TAKSİ),"Kazım Karabekir Mahallesi, Esenler, İstanbul, Marmara Bölgesi, Türkiye"
SEÇKİNLER TAKSİ,"50. Yıl Mahallesi, Cebeci Köyü, Sultangazi, İstanbul, Marmara Bölgesi, Türkiye"
İSPARK BAKIRKÖY IDO,"Zeytinlik Mahallesi, Bakırköy, İstanbul, Marmara Bölgesi, 34140, Türkiye"
OSMANİYE BAKIRKÖY ÖZEL TAKSİ DURAĞI(YAŞAR YILDIZ),"Osmaniye Mahallesi, Bakırköy, İstanbul, Marmara Bölgesi, 34146, Türkiye"
MARMARA FORM TAKSİ,"Osmaniye Mahallesi, Bakırköy, İstanbul, Marmara Bölgesi, 34146, Türkiye"
GÜNGÖREN ÖZMEN TELSİZ TAKSİ DURAĞI,"Mehmet Nesih Özmen Mahallesi, Güngören, İstanbul, Marmara Bölgesi, 34173, Türkiye"
İSPARK GÜNGÖREN,"Abdurrahman Nafiz Gürman Mahallesi, Güngören, İstanbul, Marmara Bölgesi, 34173, Türkiye"
İSPARK - ÇIRPICI METRO İSTASYONU UMUMA AÇIK TAKSİ DURAĞI,"Osmaniye Mahallesi, Bakırköy, İstanbul, Marmara Bölgesi, 34146, Türkiye"
YILDIRIM PARK TAKSİ DURAĞI,"Yıldırım Mahallesi, İstanbul, Marmara Bölgesi, Türkiye"
FULYA TAKSİ,"Fulya Mahallesi, Şişli, İstanbul, Marmara Bölgesi, 34346, Türkiye"
AYAZAĞA GÜVEN TAKSİ DURAĞI,"Ayazağa Mahallesi, İstanbul, Marmara Bölgesi, Türkiye"
CİHAN TAKSİ DURAĞI,"Gayrettepe Mahallesi, İstanbul, Marmara Bölgesi, Türkiye"
BEŞİKTAŞ SARAY TAKSİ DURAĞI,"Gayrettepe Mahallesi, İstanbul, Marmara Bölgesi, Türkiye"
SAPPHİRETAKSİ,"Emniyetevleri Mahallesi, Kağıthane, İstanbul, Marmara Bölgesi, 34415, Türkiye"
MANOLYA TAKSİ,"Dikilitaş Mahallesi, İstanbul, Marmara Bölgesi, 34349, Türkiye"
FANTASTİC TAKSİ DURAĞI,"Esentepe Mahallesi, Şişli, İstanbul, Marmara Bölgesi, Türkiye"
BARBOROS TAKSİ DURAĞI,"Cihannüma Mahallesi, Beşiktaş, İstanbul, Marmara Bölgesi, 34022, Türkiye"
İSPARK - BEŞİKTAŞ İSKELE CFADDESİ,"Sinanpaşa Mahallesi, İstanbul, Marmara Bölgesi, Türkiye"
İSPARK - BEŞİKTAŞ DARPHANE,"Dikilitaş Mahallesi, İstanbul, Marmara Bölgesi, 34349, Türkiye"
İSPARK İSKELE,"Sinanpaşa Mahallesi, İstanbul, Marmara Bölgesi, Türkiye"
BEŞİKTAŞ CONRAD ÖNÜ TAKSİ DURAĞI,"Cihannüma Mahallesi, Beşiktaş, İstanbul, Marmara Bölgesi, 34022, Türkiye"
ÇINAR SOKAK UMUMA AÇIK TAKSİ DURAK YERİ,"Konaklar Mahallesi, Beşiktaş, İstanbul, Marmara Bölgesi, 34330, Türkiye"
YENI LEVENT OYAK TAKSI DURAĞı,"Konaklar Mahallesi, Beşiktaş, İstanbul, Marmara Bölgesi, 34330, Türkiye"
ÜSKÜDAR HAREM İDO İSKELE ÖNÜ,"Selimiye Mahallesi, Üsküdar, İstanbul, Marmara Bölgesi, 34668, Türkiye"
POL TAKSİ DURAĞI,"Esentepe Mahallesi, Şişli, İstanbul, Marmara Bölgesi, Türkiye"
KÖŞK TAKSİ IHLAMUR,"Konaklar Mahallesi, Beşiktaş, İstanbul, Marmara Bölgesi, 34330, Türkiye"
ÖNER TAKSİ DURAĞI,"Balmumcu Mahallesi, Beşiktaş, İstanbul, Marmara Bölgesi, 34394, Türkiye"
İSPARK BEŞİKTAŞ LEVENT ÇARŞI CADDESİ,"Levent Mahallesi, İstanbul, Marmara Bölgesi, 34330, Türkiye"
İSPARK - ÜSKÜDAR İSKELE ÖNÜ,"Mimar Sinan Mahallesi, Üsküdar, İstanbul, Marmara Bölgesi, Türkiye"
AKASYA TAKSİ DURAĞI,"Maslak Mahallesi, Sarıyer, İstanbul, Marmara Bölgesi, 34485, Türkiye"
LEVENT TAKSİ (BEŞİKTAŞ),"Levent Mahallesi, İstanbul, Marmara Bölgesi, 34330, Türkiye"
LEVAZIM SİTESİ TAKSİ,"Levazım Mahallesi, İstanbul, Marmara Bölgesi, 3430, Türkiye"
3.LEVENT SEVGİ TAKSİ DURAĞI,"Levent Mahallesi, İstanbul, Marmara Bölgesi, 34330, Türkiye"
BALON TESİSİ YANI UMUMA AÇIK TAKSİ DURAĞI,"Caferağa Mahallesi, İstanbul, Marmara Bölgesi, 34710, Türkiye"
BEŞİKTAŞ BASIN TAKSİ DURAĞI,"Levent Mahallesi, İstanbul, Marmara Bölgesi, 34330, Türkiye"
HAYDARPAŞA TAKSİ DURAĞI,"Rasimpaşa Mahallesi, Kadıköy, İstanbul, Marmara Bölgesi, 34716, Türkiye"
MAYADROM TAKSİ DURAĞI,"Akat Mahallesi, İstanbul, Marmara Bölgesi, 34335, Türkiye"
İSPARK RIHTIM 2,"Caferağa Mahallesi, İstanbul, Marmara Bölgesi, 34710, Türkiye"
İSPARK - BEYOĞLU SIRASELVİLER CADDESİ,"Katip Mustafa Çelebi Mahallesi, İstanbul, Marmara Bölgesi, Türkiye"
İSPARK - BEYOĞLU CİHANGİR KATLI OTOPARK ÖNÜ,"Cihangir Mahallesi, İstanbul, Marmara Bölgesi, Türkiye"
İSPARK-BEYOĞLU,"Gümüşsuyu Mahallesi, İstanbul, Marmara Bölgesi, 34437, Türkiye"
METE CADDESİ UMUMA AÇIK TAKSİ DURAĞI,"Gümüşsuyu Mahallesi, İstanbul, Marmara Bölgesi, 34437, Türkiye"
İSPARK ŞİŞLİ,"Merkez Mahallesi, Şişli, İstanbul, Marmara Bölgesi, 34381, Türkiye"
GRAND HAYATT TAKSİ,"Harbiye Mahallesi, Şişli, İstanbul, Marmara Bölgesi, 34367, Türkiye"
MECLİSİ MEBUSAN CADDESİ UMUMA AÇIK TAKSİ DURAĞI,"Pürtelaş Hasan Efendi Mahallesi, İstanbul, Marmara Bölgesi, Türkiye"
KABATAŞ İDO İSKELESİ UMUMA AÇIK TAKSİ DURAĞI,"Ömer Avni Mahallesi, İstanbul, Marmara Bölgesi, Türkiye"
İSPARK DOLMABAHÇE,"Harbiye Mahallesi, Şişli, İstanbul, Marmara Bölgesi, 34367, Türkiye"
İSPARK KABATAŞ İDO,"Ömer Avni Mahallesi, İstanbul, Marmara Bölgesi, Türkiye"
KABATAŞ İDO İSKELESİ 2 UMUMA AÇIK TAKSİ DURAĞI,"Ömer Avni Mahallesi, İstanbul, Marmara Bölgesi, Türkiye"
İSPARK MAÇKA,"Harbiye Mahallesi, Şişli, İstanbul, Marmara Bölgesi, 34367, Türkiye"
SEYRANTEPE MERKEZ TAKSİ DURAĞI,"Seyrantepe Mahallesi, İstanbul, Marmara Bölgesi, Türkiye"
AVRUPA TAKSİ DURAĞI,"Fulya Mahallesi, Şişli, İstanbul, Marmara Bölgesi, 34346, Türkiye"
İSPARK - ŞİŞLİ MECİDİYEKÖY ORTAKLAR CADDESİ,"Fulya Mahallesi, Şişli, İstanbul, Marmara Bölgesi, 34346, Türkiye"
SİLİVRİ E 5 TAKSİ DURAĞI,"Alibey Mahallesi, İstanbul, Marmara Bölgesi, Türkiye"
KONUT TAKSİ DURAĞI,"Yeni Mahalle, İstanbul, Marmara Bölgesi, Türkiye"
SELİMPAŞA MERKEZ TAKSİ,"Selimpaşa Mahallesi, Silivri, İstanbul, Marmara Bölgesi, 34590, Türkiye"
SELİMPAŞA DURAK TAKSİ,"Selimpaşa Mahallesi, Silivri, İstanbul, Marmara Bölgesi, 34590, Türkiye"
CELALİYE MEYDAN TAKSİ,"Celaliye Mahallesi, Büyükçekmece, İstanbul, Marmara Bölgesi, 34534, Türkiye"
SILIVRI MARIN PRENSES TAKSI,"Kamiloba Mahallesi, Büyükçekmece, İstanbul, Marmara Bölgesi, 34534, Türkiye"
BÜYÜKÇEKMECE MERKEZ TAKSİ DURAĞI,"Dizdariye Mahallesi, Büyükçekmece, İstanbul, Marmara Bölgesi, Türkiye"
ALBATROS TAKSİ DURAĞI,"Atatürk Mahallesi, Büyükçekmece, İstanbul, Marmara Bölgesi, 34500, Türkiye"
GÜRPINAR MERKEZ TAKSİ DURAĞI,"Adnan Kahveci Mahallesi, Beylikdüzü, İstanbul, Marmara Bölgesi, 34528, Türkiye"
KIRAÇ MERKEZ TAKSİ DURAĞI,"Atatürk Mahallesi, Esenyurt, İstanbul, Marmara Bölgesi, 34522, Türkiye"
TUZLA İÇMELER MERKEZ TAKSİ DURAĞI,"Aydıntepe Mahallesi, Tuzla, İstanbul, Marmara Bölgesi, Türkiye"
SAHİL TAKSİ DURAĞI,"Cami Mahallesi, İstanbul, Marmara Bölgesi, 34940, Türkiye"
TUZLA İSTASYON TAKSİ,"İstasyon Mahallesi, İstanbul, Marmara Bölgesi, Türkiye"
AYDINLI KÖYÜ TAKSİ DURAĞI,"Aydınlı Mahallesi, Tuzla, İstanbul, Marmara Bölgesi, 34953, Türkiye"
ŞİFA TAKSİ DURAĞI,"Şifa Mahallesi, Tuzla, İstanbul, Marmara Bölgesi, 34950, Türkiye"
Haznedar,"Bahçelievler Mahallesi, Bahçelievler, İstanbul, Marmara Bölgesi, 34180, Türkiye"
ÖZ ORTAKÖY TAKSİ,"Ortaköy Mahallesi, İstanbul, Marmara Bölgesi, Türkiye"
İSPARK SÖĞÜTLÜÇEŞME,"Osmanağa Mahallesi, İstanbul, Marmara Bölgesi, 34714, Türkiye"
ÇAVUŞOĞLU TAKSİ DURAĞI,"Nispetiye Mahallesi, Beşiktaş, İstanbul, Marmara Bölgesi, 34337, Türkiye"
2.ULUS TURİZM TAKSİ DURAĞI(BEŞİKTAŞ TURİZM)),"Nispetiye Mahallesi, Beşiktaş, İstanbul, Marmara Bölgesi, 34337, Türkiye"
HACIOSMAN TAKSİ DURAĞI,"Cumhuriyet Mahallesi, İstanbul, Marmara Bölgesi, Türkiye"
UMUT TAKSİ DURAĞI,"Kültür Mahallesi, Beşiktaş, İstanbul, Marmara Bölgesi, Türkiye"
TARABYA BAYIRI UMUMA AÇIK TAKSİ DURAĞI,"Çamlıtepe Mahallesi, İstanbul, Marmara Bölgesi, Türkiye"
FISTIKAĞACI TAKSİ DURAĞI,"İcadiye Mahallesi, Üsküdar, İstanbul, Marmara Bölgesi, Türkiye"
ÖZ ULUS TAKSİ II.,"Ulus Mahallesi, İstanbul, Marmara Bölgesi, Türkiye"
1. ULUS TAKSİ DURAĞI,"Kuruçeşme Mahallesi, Beşiktaş, İstanbul, Marmara Bölgesi, 34345, Türkiye"
KUŞDİLİ CADDESİ UMUMA AÇIK TAKSİ DURAĞI,"Osmanağa Mahallesi, İstanbul, Marmara Bölgesi, 34714, Türkiye"
SARIYER GAZETECİLER SİTESİ TAKSİ DURAĞI,"Darüşşafaka Mahallesi, İstanbul, Marmara Bölgesi, 34453, Türkiye"
ALKENT TAKSİ,"Akat Mahallesi, İstanbul, Marmara Bölgesi, 34335, Türkiye"
ULUS PARK TAKSİ DURAĞI,"Kuruçeşme Mahallesi, Beşiktaş, İstanbul, Marmara Bölgesi, 34345, Türkiye"
MEGA TAKSİ,"Darüşşafaka Mahallesi, İstanbul, Marmara Bölgesi, 34453, Türkiye"
KOŞU YOLU BARBOROS TAKSİ DURAĞI,"Koşuyolu Mahallesi, Kadıköy, İstanbul, Marmara Bölgesi, 34719, Türkiye"
İSPARK SÖĞÜTLÜ ÇEŞME METROBÜS,"Hasanpaşa Mahallesi, Kadıköy, İstanbul, Marmara Bölgesi, 34772, Türkiye"
DOĞAN TAKSİ DURAĞI,"Etiler Mahallesi, İstanbul, Marmara Bölgesi, 34337, Türkiye"
GAR TAKSİ DURAĞI YENİ-2,"Doğu Mahallesi, Pendik, İstanbul, Marmara Bölgesi, 34890, Türkiye"
ACIBADEM YILDIZ TAKSİ,"Acıbadem Mahallesi, Üsküdar, İstanbul, Marmara Bölgesi, 34660, Türkiye"
ACIBADEM UMUMA AÇIK TAKSİ DURAĞI,"Küçük Çamlıca Mahallesi, Üsküdar, İstanbul, Marmara Bölgesi, 34694, Türkiye"
CUMHURİYET TAKSİ DURAĞI,"Mevlana Mahallesi, İstanbul, Marmara Bölgesi, 34515, Türkiye"
İSPARK Ragıp Gümüşpala Caddesi,"Rüstempaşa Mahallesi, Fatih, İstanbul, Marmara Bölgesi, Türkiye"
İSPARK - EMİNÖNÜ  PERONLAR UMUMA AÇIK TAKSİ DURAĞI,"Rüstempaşa Mahallesi, Fatih, İstanbul, Marmara Bölgesi, Türkiye"
BEYLİKDÜZÜ İSTANBUL EVLERİ SİTESİ TAKSİ DURAĞI,"Piri Reis Mahallesi, İstanbul, Marmara Bölgesi, Türkiye"
İSPARK NUH KUYUSU CAD.(ASLI BÖREK ÖNÜ),"Muratreis Mahallesi, Üsküdar, İstanbul, Marmara Bölgesi, 34664, Türkiye"
KAYA RAMADA OTEL TAKSİ,"Cumhuriyet Mahallesi, Büyükçekmece, İstanbul, Marmara Bölgesi, 34500, Türkiye"
İSPARK ALEMDAĞ ÜMRANİYE AVM ÖNÜ,"Yamanevler Mahallesi, Ümraniye, İstanbul, Marmara Bölgesi, Türkiye"
Gardenya,"Bağlar Mahallesi, Bağcılar, İstanbul, Marmara Bölgesi, 34212, Türkiye"
İSPARK SU-İŞ CAD.TAKSİ,"Atatürk Mahallesi, Ümraniye, İstanbul, Marmara Bölgesi, 34764, Türkiye"
HİLAL TAKSİ,"Derviş Ali Mahallesi, Fatih, İstanbul, Marmara Bölgesi, Türkiye"
GÜNEŞTEPE TAKSİ DURAĞI,"Güneştepe Mahallesi, Güngören, İstanbul, Marmara Bölgesi, Türkiye"
CİHANGİR TAKSİ DURAĞI,"Kılıçali Paşa Mahallesi, İstanbul, Marmara Bölgesi, 34427, Türkiye"
KARDİYUM TAŞDELEN TAKSİ,"Sultançiftliği Mahallesi, Çekmeköy, İstanbul, Marmara Bölgesi, Türkiye"
Akyol Taksi,"Cihangir Mahallesi, İstanbul, Marmara Bölgesi, Türkiye"
KUZGUNCUK TAKSİ,"Kuzguncuk Mahallesi, Üsküdar, İstanbul, Marmara Bölgesi, 34674, Türkiye"
AÇELYA TAKSİ,"Halkalı Merkez Mahallesi, Küçükçekmece, İstanbul, Marmara Bölgesi, 34303, Türkiye"
Aynalıkavak Taksi,"Keçeci Piri Mahallesi, İstanbul, Marmara Bölgesi, Türkiye"
BEŞİKTAŞ BARBAROS BULVARI,"Cihannüma Mahallesi, Beşiktaş, İstanbul, Marmara Bölgesi, 34022, Türkiye"
MİSS TAKSİ,"Atakent Mahallesi, İstanbul, Marmara Bölgesi, 34307, Türkiye"
NİŞANTAŞI ÜNİVERSİTESİ SADABAD KAMPÜSÜ (HASBAHÇE PLUS) TAKSİ,"Nurtepe Mahallesi, Kağıthane, İstanbul, Marmara Bölgesi, Türkiye"
SOĞANLIK MERKEZ TAKSİ,"Gümüşpınar Mahallesi, Kartal, İstanbul, Marmara Bölgesi, 34880, Türkiye"
ÇIRAĞAN TAKSİ 2,"Yıldız Mahallesi, Beşiktaş, İstanbul, Marmara Bölgesi, Türkiye"
ŞEHZADEBAŞI TAKSİ,"Kalenderhane Mahallesi, Fatih, İstanbul, Marmara Bölgesi, 34134, Türkiye"
AK TAKSİ,"Koza Mahallesi, İstanbul, Marmara Bölgesi, Türkiye"
ASLANTEPE TAKSİ,"Huzur Mahallesi, Sarıyer, İstanbul, Marmara Bölgesi, 34485, Türkiye"
KARTAL BİRLİK TAKSİ,"Kordonboyu Mahallesi, İstanbul, Marmara Bölgesi, 34860, Türkiye"
ZORLU CENTER TAKSİ,"Levazım Mahallesi, İstanbul, Marmara Bölgesi, 3430, Türkiye"
MEGA 2 (ADLİYE ESKİ ADI) TAKSİ BAĞCILAR,"Mahmutbey Mahallesi, İstanbul, Marmara Bölgesi, 34218, Türkiye"
KADIKÖY METRO TAKSİ,"Caferağa Mahallesi, İstanbul, Marmara Bölgesi, 34710, Türkiye"
KAPTAN TAKSİ,"19 Mayıs Mahallesi, İstanbul, Marmara Bölgesi, 34736, Türkiye"
GEÇİT TAKSİ DURAĞI,"19 Mayıs Mahallesi, Büyükçekmece, İstanbul, Marmara Bölgesi, Türkiye"
MEYDAN İSTANBUL AVM TAKSİ,"Fatih Sultan Mehmet Mahallesi, Ümraniye, İstanbul, Marmara Bölgesi, Türkiye"
YUNUS EMRE TAKSİ,"Esenevler Mahallesi, Ümraniye, İstanbul, Marmara Bölgesi, Türkiye"
İSTANBUL DERİ ORGANİZE SANAYİİ TAKSİ,"Orhanlı Mahallesi, İstanbul, Marmara Bölgesi, 34956, Türkiye"
CİTYS NİŞANTAŞI AVM TAKSİ,"Teşvikiye Mahallesi, Şişli, İstanbul, Marmara Bölgesi, 34365, Türkiye"
SULTANGAZİ DEVLET HASTANESİ TAKSİ,"Uğurmumcu Mahallesi, Cebeci Köyü, Sultangazi, İstanbul, Marmara Bölgesi, 34265, Türkiye"
Merkez Taksi durağı,"Piri Mehmet Paşa Mahallesi, İstanbul, Marmara Bölgesi, Türkiye"
USKUMRUKÖY DÖRTYOL TAKSİ,"Uskumruköy Mahallesi, İstanbul, Marmara Bölgesi, Türkiye"
İNÖNÜ MERKEZ TAKSİ,"İnönü Mahallesi, İstanbul, Türkiye"
SEBA OFİS BULVAR TAKSİ,"Ayazağa Mahallesi, İstanbul, Marmara Bölgesi, Türkiye"
KOZDERE TAKSİ,"Kazım Karabekir Paşa Mahallesi, Sarıyer, İstanbul, Marmara Bölgesi, Türkiye"
VADİSTANBUL Avm içi,"Ayazağa Mahallesi, İstanbul, Marmara Bölgesi, Türkiye"
ORUÇLAR TAKSİ,"Fenerbahçe Mahallesi, İstanbul, Marmara Bölgesi, 34726, Türkiye"
ERESİN OTEL TAKSİ,"Topkapı Mahallesi, Fatih, İstanbul, Marmara Bölgesi, 34093, Türkiye"
CROWN PLAZA HOTEL TAKSİ,"Balabanağa Mahallesi, Fatih, İstanbul, Marmara Bölgesi, Türkiye"
VIALAND AVM İÇİ,"Yeşilpınar Mahallesi, Eyüpsultan, İstanbul, Marmara Bölgesi, 34065, Türkiye"
HARAMİDERE GEÇİT TAKSİ 1,"Güzelyurt Mahallesi, İstanbul, Marmara Bölgesi, Türkiye"
TEKSTİLKENT KOZA PLAZA TAKSİ,"Oruçreis Mahallesi, Esenler, İstanbul, Marmara Bölgesi, 34235, Türkiye"
KOZA TAKSİ DURAĞI,"Aşık Veysel Mahallesi, İstanbul, Marmara Bölgesi, Türkiye"
VİLLA TAKSİ,"Mimar Sinan Mahallesi, Çekmeköy, İstanbul, Marmara Bölgesi, 34782, Türkiye"
ERGUVAN TAKSİ,"Kaleiçi Mahallesi, Çatalca, İstanbul, Marmara Bölgesi, 34540, Türkiye"
ALKENT TAKSİ,"Alkent 2000 Mahallesi, Büyükçekmece, İstanbul, Marmara Bölgesi, 34580, Türkiye"
ÇİÇEK TAKSİ,"Çubuklu Mahallesi, Beykoz, İstanbul, Marmara Bölgesi, Türkiye"
DERBENT KÜLTÜR TAKSİ,"Çamlıtepe Mahallesi, İstanbul, Marmara Bölgesi, Türkiye"
SİTE TAKSİ,"Akat Mahallesi, İstanbul, Marmara Bölgesi, 34335, Türkiye"
ALTAYÇEŞME TAKSİ-2,"Altayçeşme Mahallesi, İstanbul, Marmara Bölgesi, 34843, Türkiye"
ŞEN TAKSİ-2,"Kozyatağı Mahallesi, Kadıköy, İstanbul, Marmara Bölgesi, 34742, Türkiye"
STAR TAKSİ,"Erenköy Mahallesi, İstanbul, Marmara Bölgesi, 34738, Türkiye"
EVORA PARK SİTE TAKSİ,"Aydıntepe Mahallesi, Tuzla, İstanbul, Marmara Bölgesi, Türkiye"
KARADENİZ TAKSİ,"Eğitim Mahallesi, İstanbul, Marmara Bölgesi, Türkiye"
OYAK SİTESİ GÜL TAKSİ,"Huzur Mahallesi, Sarıyer, İstanbul, Marmara Bölgesi, 34485, Türkiye"
SARAY TAKSİ,"Orhantepe Mahallesi, İstanbul, Marmara Bölgesi, Türkiye"
BEYAZIT MEYDAN TAKSİ,"Mimar Kemalettin Mahallesi, Fatih, İstanbul, Marmara Bölgesi, Türkiye"
QUEEN BOMONTİ,"Cumhuriyet Mahallesi, Şişli, İstanbul, Marmara Bölgesi, 34380, Türkiye"
MEYDAN TAKSİ,"Üniversite Mahallesi, Avcılar, İstanbul, Marmara Bölgesi, Türkiye"
İÇERENKÖY ANADOLU MERKEZ,"İçerenköy Mahallesi, İstanbul, Marmara Bölgesi, 34752, Türkiye"
ÇEMBERLİTAŞ MEYDAN TAKSİ,"Molla Fenari, Fatih, İstanbul, Marmara Bölgesi, Türkiye"
YENİ LEVENT MERCAN TAKSİ,"Konaklar Mahallesi, Beşiktaş, İstanbul, Marmara Bölgesi, 34330, Türkiye"
TAKSİM İLK YARDIM HASTANE TAKSİ,"Kuloğlu Mahallesi, İstanbul, Marmara Bölgesi, 34433, Türkiye"
MALL OF İSTANBUL TAKSİ,"Organize Sanayi Bölgesi Mahallesi, İstanbul, Marmara Bölgesi, Türkiye"
KANLICA TAKSİ DURAĞI,"Kanlıca Mahallesi, İstanbul, Marmara Bölgesi, 34819, Türkiye"
SAKLIKENT ORTAKÖY TAKSİ,"Levazım Mahallesi, İstanbul, Marmara Bölgesi, 3430, Türkiye"
ÖZ KÜLTÜR TAKSİ,"Bebek Mahallesi, Beşiktaş, İstanbul, Marmara Bölgesi, 34342, Türkiye"
KARANFİL TAKSİ,"Akat Mahallesi, İstanbul, Marmara Bölgesi, 34335, Türkiye"
GÜNER TAKSİ,"Ambarlı Mahallesi, Avcılar, İstanbul, Marmara Bölgesi, 34315, Türkiye"
İNCİRALTI TAKSİ,"Cihangir Mahallesi, Avcılar, İstanbul, Marmara Bölgesi, 34310, Türkiye"
STEIGENBERGER TAKSİ,"Yenibosna Merkez Mahallesi, İstanbul, Marmara Bölgesi, 34197, Türkiye"
Öz Site 1 Taksi Durağı,"Yeni Mahalle, İstanbul, Marmara Bölgesi, Türkiye"
BÜYÜKÇEKMECE HASTANE TAKSİ,"Mimar Sinan Merkez Mahallesi, Büyükçekmece, İstanbul, Marmara Bölgesi, Türkiye"
MİMARSİNAN BİRLİK TAKSİ,"Ekinoba Mahallesi, İstanbul, Marmara Bölgesi, 34535, Türkiye"
KARDEŞLER TAKSİ,"Yeşilkent Mahallesi, İstanbul, Marmara Bölgesi, Türkiye"
ROFO TAKSİ,"Hırka-i Şerif Mahallesi, Fatih, İstanbul, Marmara Bölgesi, 34091, Türkiye"
VENEZİA MEGA OUTLET TAKSİ,"Karadeniz Mahallesi, Gaziosmanpaşa, İstanbul, Marmara Bölgesi, Türkiye"
ÇINAR TAKSİ,"Atakent Mahallesi, İstanbul, Marmara Bölgesi, 34307, Türkiye"
ADATEPE TELSİZ TAKSİ,"Altayçeşme Mahallesi, İstanbul, Marmara Bölgesi, 34843, Türkiye"
MALTEPE 2574 ADA 53 PARSEL ÖNÜ,"Aydınevler Mahallesi, Maltepe, İstanbul, Marmara Bölgesi, 34854, Türkiye"
MALTEPE PARK AVM,"Cevizli Mahallesi, İstanbul, Marmara Bölgesi, 34846, Türkiye"
METRO TAKSİ,"Bağlar Mahallesi, Bağcılar, İstanbul, Marmara Bölgesi, 34212, Türkiye"
DOĞU SANAYİ TAKSİ-2,"Yenibosna Merkez Mahallesi, İstanbul, Marmara Bölgesi, 34197, Türkiye"
KUYUMCUKENT TAKSİ,"Yenibosna Merkez Mahallesi, İstanbul, Marmara Bölgesi, 34197, Türkiye"
ATAKENT TAKSİ 1,"Ataköy 7-8-9-10. Kısım Mahallesi, Bakırköy, İstanbul, Marmara Bölgesi, 34156, Türkiye"
SİTE TAKSİ DURAĞI,"Yeşilköy Mahallesi, Bakırköy, İstanbul, Marmara Bölgesi, Türkiye"
AĞAOĞLU İSTANBUL TAKSİ,"Ziya Gökalp Mahallesi, Başakşehir, İstanbul, Marmara Bölgesi, Türkiye"
İSPARK gençtürk cad.,"Kemalpaşa Mahallesi, Fatih, İstanbul, Marmara Bölgesi, Türkiye"
HASEKİ HASTANE TAKSİ,"Haseki Sultan Mahallesi, Fatih, İstanbul, Marmara Bölgesi, 34107, Türkiye"
İSPARK ÜSKÜDAR ACIBADEM CADDESİ,"Acıbadem Mahallesi, Kadıköy, İstanbul, Marmara Bölgesi, 34718, Türkiye"
"İSPARK ÇENGELKÖY YOLU, BOSNA BULVARI","Bahçelievler Mahallesi, Üsküdar, İstanbul, Marmara Bölgesi, 34688, Türkiye"
TUZLA AYDINLI SİTE TAKSİ,"Aydınlı Mahallesi, Tuzla, İstanbul, Marmara Bölgesi, 34953, Türkiye"
EMNİYET TAKSİ,"Evliya Çelebi Mahallesi, Tuzla, İstanbul, Marmara Bölgesi, 34944, Türkiye"
ŞİŞLİ MERKEZ TAKSİ,"Merkez Mahallesi, Şişli, İstanbul, Marmara Bölgesi, 34381, Türkiye"
POLAT TOWER RESİDENCE TAKSİ,"Fulya Mahallesi, Şişli, İstanbul, Marmara Bölgesi, 34346, Türkiye"
MASLAK ÇARŞI TAKSİ,"Maslak Mahallesi, Sarıyer, İstanbul, Marmara Bölgesi, 34485, Türkiye"
HİZMET TAKSİ,"Abdurrahmangazi Mahallesi, İstanbul, Marmara Bölgesi, 34887, Türkiye"
SANCAKTEPE HASTANE TAKSİ DURAĞI baraj yolu,"Emek Mahallesi, Sancaktepe, İstanbul, Marmara Bölgesi, Türkiye"
YENİŞEHİR MERKEZ TAKSİ,"Yenişehir Mahallesi, İstanbul, Marmara Bölgesi, Türkiye"
AYDINEVLER MERKEZ TAKSİ,"Aydınevler Mahallesi, Maltepe, İstanbul, Marmara Bölgesi, 34854, Türkiye"
DİVAN TAKSİ,"İstasyon Mahallesi, Küçükçekmece, İstanbul, Marmara Bölgesi, Türkiye"
SOĞANLIK METRO DURAĞI,"Soğanlık Yeni Mahalle, Kartal, İstanbul, Marmara Bölgesi, Türkiye"
TİBAL TAKSİ,"Acıbadem Mahallesi, Kadıköy, İstanbul, Marmara Bölgesi, 34718, Türkiye"
TEPE NAUTİLUS TAKSİ,"Acıbadem Mahallesi, Kadıköy, İstanbul, Marmara Bölgesi, 34718, Türkiye"
OPTİMUM AVM ÖNÜ,"Yenisahra Mahallesi, İstanbul, Türkiye"
NUR TAKSİ,"Fenerbahçe Mahallesi, İstanbul, Marmara Bölgesi, 34726, Türkiye"
KIŞLA TAKSİ,"Havaalanı Mahallesi, Esenler, İstanbul, Marmara Bölgesi, 34230, Türkiye"
SKYLAND TAKSİ,"Huzur Mahallesi, Sarıyer, İstanbul, Marmara Bölgesi, 34485, Türkiye"
BATIŞEHİR TAKSİ,"Göztepe Mahallesi, Bağcılar, İstanbul, Marmara Bölgesi, Türkiye"
TAŞDELEN METRO,"Ekşioğlu Mahallesi, Çekmeköy, İstanbul, Marmara Bölgesi, Türkiye"
ANTPLATO TAKSİ,"Halkalı Merkez Mahallesi, Küçükçekmece, İstanbul, Marmara Bölgesi, 34303, Türkiye"
MERKEZ MEYDAN TAKSİ DURAĞI,"Mehmet Akif Mahallesi, İstanbul, Marmara Bölgesi, Türkiye"
CENGİZTOPEL TAKSİ DURAĞI,"Akşemsettin Mahallesi, Eyüpsultan, İstanbul, Marmara Bölgesi, 34070, Türkiye"
26 TAKSİ DURAĞI,"50. Yıl Mahallesi, Cebeci Köyü, Sultangazi, İstanbul, Marmara Bölgesi, Türkiye"
METROPOL AVM TAKSİ-2,"Atatürk Mahallesi, Ataşehir, İstanbul, Marmara Bölgesi, 34758, Türkiye"
YAŞAM TAKSİ DURAĞI,"Cumhuriyet Mahallesi, Beylikdüzü, İstanbul, Marmara Bölgesi, 34520, Türkiye"
MANOLYA TAKSİ,"Soğanlık Yeni Mahalle, Kartal, İstanbul, Marmara Bölgesi, Türkiye"
CONCORD TAKSİ,"Dumlupınar Mahallesi, Kadıköy, İstanbul, Marmara Bölgesi, Türkiye"
ÖZ TAKSİ DURAĞI,"Kazlıçeşme Mahallesi, Zeytinburnu, İstanbul, Marmara Bölgesi, 34020, Türkiye"
5.Levent Taksi,"Güzeltepe Mahallesi, Eyüpsultan, İstanbul, Marmara Bölgesi, Türkiye"
DİNÇER TAKSİ,"Muratpaşa Mahallesi, İstanbul, Marmara Bölgesi, Türkiye"
SİNANOBA TAKSİ,"Mimaroba Mahallesi, Büyükçekmece, İstanbul, Marmara Bölgesi, Türkiye"
OYA TAKSİ,"Gülbahar Mahallesi, Şişli, İstanbul, Marmara Bölgesi, Türkiye"
DİKİLİTAŞ MERKEZ TAKSİ,"Dikilitaş Mahallesi, İstanbul, Marmara Bölgesi, 34349, Türkiye"
Fatih Bulvarı 7784 ada 6 parsel önü,"Abdurrahmangazi Mahallesi, İstanbul, Marmara Bölgesi, 34920, Türkiye"
BİZİM TAKSİ,"Güzelce Mahallesi, Büyükçekmece, İstanbul, Marmara Bölgesi, Türkiye"
VADİ TAKSİ,"Soğuksu Mahallesi, Beykoz, İstanbul, Marmara Bölgesi, Türkiye"
DURU TAKSİ DURAĞI,"Cevizli Mahallesi, İstanbul, Marmara Bölgesi, 34865, Türkiye"
İSTWEST MEYDAN TAKSİ,"Yenibosna Merkez Mahallesi, İstanbul, Marmara Bölgesi, 34197, Türkiye"
KARTAL STAD TAKSİ,"Karlıktepe Mahallesi, İstanbul, Marmara Bölgesi, Türkiye"
MARMARA EĞİTİM KÖYÜ,"Başıbüyük Mahallesi, İstanbul, Marmara Bölgesi, Türkiye"
ÖZ NİŞANTAŞI TAKSİ-2,"Meşrutiyet Mahallesi, Şişli, İstanbul, Marmara Bölgesi, 34363, Türkiye"
ÜNALAN 15 TEMMUZ ŞEHİTLER TAKSİ,"Ünalan Mahallesi, Üsküdar, İstanbul, Marmara Bölgesi, 34700, Türkiye"
DOĞANCILAR TAKSİ,"Ahmediye Mahallesi, Üsküdar, İstanbul, Marmara Bölgesi, 34672, Türkiye"
FİRUZE KONAKLARI TAKSİ DURAĞI,"Üniversite Mahallesi, Avcılar, İstanbul, Marmara Bölgesi, Türkiye"
MİMAR SİNAN KİPTAŞ-2 TAKSİ,"Mimar Sinan Mahallesi, Tuzla, İstanbul, Marmara Bölgesi, Türkiye"
SAKIZAĞACI TAKSİ-1,"Şehit Muhtar Mahallesi, İstanbul, Marmara Bölgesi, Türkiye"
SANTRAL TAKSİ DURAĞI-2,"Erenköy Mahallesi, İstanbul, Marmara Bölgesi, 34738, Türkiye"
KARADENİZ TAKSİ,"Karadeniz Mahallesi, Gaziosmanpaşa, İstanbul, Marmara Bölgesi, Türkiye"
TOPAĞACI TAKSİ,"Teşvikiye Mahallesi, Şişli, İstanbul, Marmara Bölgesi, 34365, Türkiye"
İSPARK Fatih Bulvarı 8223 ada 3 parsel önü,"Mehmet Akif Mahallesi, İstanbul, Marmara Bölgesi, Türkiye"
ETİLER BİZİM TAKSİ (4),"Etiler Mahallesi, İstanbul, Marmara Bölgesi, 34337, Türkiye"
FUAR TAKSİ,"Cumhuriyet Mahallesi, Büyükçekmece, İstanbul, Marmara Bölgesi, 34500, Türkiye"
SİLAHŞÖR TAKSİ,"Cumhuriyet Mahallesi, Şişli, İstanbul, Marmara Bölgesi, 34380, Türkiye"
İSTMARİN AVM TAKSİ,"Kordonboyu Mahallesi, İstanbul, Marmara Bölgesi, 34860, Türkiye"
AVCILAR HOSPİTAL TAKSİ,"Üniversite Mahallesi, Avcılar, İstanbul, Marmara Bölgesi, Türkiye"
SARIYER SİTE TAKSİ,"Maden Mahallesi, İstanbul, Marmara Bölgesi, Türkiye"
ADİL TAKSİ,"Adil Mahallesi, İstanbul, Marmara Bölgesi, Türkiye"
ÖZ VALİDE ÇEŞME TAKSİ,"Vişnezade Mahallesi, Beşiktaş, İstanbul, Marmara Bölgesi, 35357, Türkiye"
İAYO SANAYİ TAKSİ,"Aydınlı Mahallesi, Tuzla, İstanbul, Marmara Bölgesi, 34953, Türkiye"
YENİ MASLAK 42 TAKSİ,"Maslak Mahallesi, Sarıyer, İstanbul, Marmara Bölgesi, 34485, Türkiye"
BEYAZ REZİDANS,"Maltepe Mahallesi, Zeytinburnu, İstanbul, Marmara Bölgesi, 34010, Türkiye"
BOMONTİ HİLTON TAKSİ,"Merkez Mahallesi, Şişli, İstanbul, Marmara Bölgesi, 34381, Türkiye"
GÖKTÜRK MERKEZ TAKSİ-4,"Göktürk Merkez Mahallesi, Eyüpsultan, İstanbul, Marmara Bölgesi, 34077, Türkiye"
AYAZMA TAKSİ,"Pınartepe Mahallesi, Büyükçekmece, İstanbul, Marmara Bölgesi, Türkiye"
MARMARA TAKSİ,"Küçük Çamlıca Mahallesi, Üsküdar, İstanbul, Marmara Bölgesi, 34694, Türkiye"
THE İSTANBUL RESIDENCE TAKSİ,"Sümer Mahallesi, Zeytinburnu, İstanbul, Marmara Bölgesi, 34025, Türkiye"
BAHÇEŞEHİR TAKSİ,"Bahçeşehir 2. Kısım Mahallesi, Başakşehir, İstanbul, Marmara Bölgesi, 34488, Türkiye"
ALİBEYKÖY CEP OTOGARI ÖNÜ TAKSİ,"Güzeltepe Mahallesi, Eyüpsultan, İstanbul, Marmara Bölgesi, Türkiye"
NAMIK KEMAL ÇİFTE HAVUZLAR TAKSİ,"Çiftehavuzlar Mahallesi, Esenler, İstanbul, Marmara Bölgesi, Türkiye"
TRENDİST TAKSİ,"Atatürk Mahallesi, Ataşehir, İstanbul, Marmara Bölgesi, 34758, Türkiye"
BEYLİKDÜZÜ HASTANE TAKSİ,"Pınartepe Mahallesi, Büyükçekmece, İstanbul, Marmara Bölgesi, Türkiye"
DORUK TAKSİ-1,"Yeşilpınar Mahallesi, Eyüpsultan, İstanbul, Marmara Bölgesi, 34065, Türkiye"
EXSEN ELMALIKENT TAKSİ,"Elmalıkent Mahallesi, Ümraniye, İstanbul, Marmara Bölgesi, Türkiye"
Huzur Taksi,"İnönü Mahallesi, Küçükçekmece, İstanbul, Marmara Bölgesi, Türkiye"
BHT CLINIC TAKSİ,"Atakent Mahallesi, İstanbul, Marmara Bölgesi, 34307, Türkiye"
ÇEKMEKÖY MERKEZ TAKSİ DURAĞI,"Mimar Sinan Mahallesi, Çekmeköy, İstanbul, Marmara Bölgesi, 34782, Türkiye"
ZEYTİNBURNU DEMİRCİLER SİTE TAKSİ,"Seyitnizam Mahallesi, Zeytinburnu, İstanbul, Marmara Bölgesi, 34015, Türkiye"
Merdivenköy Taksi,"Merdivenköy Mahallesi, Kadıköy, İstanbul, Marmara Bölgesi, 34732, Türkiye"
CENNET YILDIZ TAKSİ,"Cennet Mahallesi, Küçükçekmece, İstanbul, Marmara Bölgesi, Türkiye"
İSTİNYE PARK TAKSİ,"Pınar Mahallesi, Sarıyer, İstanbul, Marmara Bölgesi, 34460, Türkiye"
KANDİLLİ BOĞAZİÇİ TAKSİ,"Küçüksu Mahallesi, Üsküdar, İstanbul, Marmara Bölgesi, Türkiye"
ÇAMLICA KULE,"Küçük Çamlıca Mahallesi, Üsküdar, İstanbul, Marmara Bölgesi, 34694, Türkiye"
TURGUT REİS TAKSİ DURAĞI,"Turgut Reis Mahallesi, Esenler, İstanbul, Marmara Bölgesi, Türkiye"
SEKMEN TAKSİ-2,"Uğur Mumcu Mahallesi, Kartal, İstanbul, Marmara Bölgesi, 34882, Türkiye"
GÜLLÜBAĞLAR TAKSİ,"Esenler Mahallesi, Pendik, İstanbul, Marmara Bölgesi, 34899, Türkiye"
GALATAPORT 2 TAKSİ,"Kılıçali Paşa Mahallesi, İstanbul, Marmara Bölgesi, 34427, Türkiye"
HİLAL TAKSİ-1,"Yeni Mahalle, Pendik, İstanbul, Marmara Bölgesi, 34893, Türkiye"
PANGALTI MEYDAN TAKSİ,"Bozkurt Mahallesi, Şişli, İstanbul, Marmara Bölgesi, 34375, Türkiye"
GALATAPORT 1 TAKSİ,"Kılıçali Paşa Mahallesi, İstanbul, Marmara Bölgesi, 34427, Türkiye"
KİPTAŞ KONUTLARI TUNA TAKSİ,"İsmetpaşa Mahallesi, Bayrampaşa, İstanbul, Marmara Bölgesi, Türkiye"
OTOGAR TAKSİ,"Altıntepsi Mahallesi, İstanbul, Marmara Bölgesi, Türkiye"
EGM TAKSİ DURAĞI TAŞIMACILIK TURİZM LOJİSTİK LİMİTED ŞİRKETİ,"Şenlik Mahallesi, Bakırköy, İstanbul, Marmara Bölgesi, 34153, Türkiye"
PELİKAN MALL TAKSİ,"Üniversite Mahallesi, Avcılar, İstanbul, Marmara Bölgesi, Türkiye"
KUŞDİLİ UMUMA AÇIK TAKSİ DURAK YERİ,"Osmanağa Mahallesi, İstanbul, Marmara Bölgesi, 34714, Türkiye"
BİZİM TAKSİ,"Başak Mahallesi, Başakşehir, İstanbul, Marmara Bölgesi, 34480, Türkiye"
SÖĞÜTLÜ ÇEŞME UMUMA AÇIK TAKSİ DURAĞI,"Hasanpaşa Mahallesi, Kadıköy, İstanbul, Marmara Bölgesi, 34772, Türkiye"
